requested_model_name,actual_model_name,arc_challenge__cot,arc_challenge__few_shot_cot,arc_challenge__zero_shot,gsm8k__cot,gsm8k__few_shot_cot,gsm8k__zero_shot,math_l1_l3__cot,math_l1_l3__few_shot_cot,math_l1_l3__zero_shot,truthfulqa_mc1__cot,truthfulqa_mc1__few_shot_cot,truthfulqa_mc1__zero_shot
gemma_4_26b_a4b,gemma_4_26b_a4b,2.6072724844589827,2.6843117174729705,3.432262292355299,11.493819644458592,14.05892465725541,8.495225798912346,17.004069260345037,23.14541564953803,13.937342519817108,2.500184123016894,1.7256182457357645,2.4853417588695885
gemma_4_e2b,gemma_4_e2b,0.4659113650619984,4.210067887574434,1.6479081862866878,5.311477531455457,4.648913710661232,4.682444722607732,10.926556249986552,9.005984577107705,11.8507100361235,1.2177089457511903,5.805398525014519,2.6087534548938276
gemma_4_e4b,gemma_4_e4b,0.6643141822889447,0.7099263557121158,0.1920348994284868,5.175864185214043,5.7519922950267794,4.980632959529758,10.65711881070077,8.408705742779274,11.826586796612549,2.864650740511715,0.3039584188014269,0.5462161852270365
phi_4_mini_reasoning,phi_4_mini_reasoning,4.094264499507845,4.084446312263608,4.10897400842607,8.232739288531244,8.054049097001553,8.171909705631435,16.241070313880048,16.387075813768917,16.257176176449207,4.086606773592532,4.086390721336008,4.225472658365965
phi_4_reasoning,phi_4_reasoning,5.182559886649251,4.9346329810246825,4.8839071794077755,9.949932211115957,10.053381516061723,9.952158208094538,,,,,,
qwen3_30b_a3b,qwen3_30b_a3b,9.511687307938933,9.345126754112542,9.461109050132334,14.419838018402457,14.097232729785144,14.101579005330802,26.52459329333814,23.281644309941335,25.534677469288976,9.64404975812137,9.637860522545875,9.7282299855873
qwen3_8b,qwen3_8b,5.144938180163503,4.91894434132427,4.858618855632842,7.323206478215754,7.124161543749273,6.826473877876997,13.878797989322983,11.756234976095186,13.652744640525775,5.5156998687312,5.2895505913347005,4.758953781008721
