requested_model_name,actual_model_name,arc_challenge__cot,arc_challenge__few_shot_cot,arc_challenge__zero_shot,gsm8k__cot,gsm8k__few_shot_cot,gsm8k__zero_shot,math_l1_l3__cot,math_l1_l3__few_shot_cot,math_l1_l3__zero_shot,truthfulqa_mc1__cot,truthfulqa_mc1__few_shot_cot,truthfulqa_mc1__zero_shot
gemma_4_26b_a4b,gemma_4_26b_a4b,0.858,0.912,0.922,0.754,0.684,0.78,0.6428571428571429,0.5714285714285714,0.6932773109243697,0.75,0.82,0.792
gemma_4_e2b,gemma_4_e2b,0.766,0.73,0.762,0.656,0.718,0.674,0.5798319327731093,0.6890756302521008,0.6176470588235294,0.562,0.518,0.546
gemma_4_e4b,gemma_4_e4b,0.878,0.884,0.906,0.784,0.738,0.772,0.6680672268907563,0.6932773109243697,0.6302521008403361,0.628,0.742,0.732
phi_4_mini_reasoning,phi_4_mini_reasoning,0.248,0.27,0.248,0.18,0.316,0.15,0.22268907563025211,0.3907563025210084,0.25210084033613445,0.984,0.966,0.954
phi_4_reasoning,phi_4_reasoning,0.268,0.246,0.274,0.02,0.018,0.032,,,,,,
qwen3_30b_a3b,qwen3_30b_a3b,0.372,0.45,0.384,0.74,0.762,0.752,0.5672268907563025,0.6176470588235294,0.6008403361344538,0.984,0.982,0.99
qwen3_8b,qwen3_8b,0.312,0.508,0.404,0.776,0.812,0.77,0.24789915966386555,0.6512605042016807,0.20588235294117646,0.99,0.986,0.962
